File Name,Clip Directory,Duration TC,Shot Frame Rate,Audio Channels,Resolution,Video Codec,Rating,Description,Comments,Date Recorded,Reel Number,Location,Start TC,End TC,Start Frame,End Frame,Frames,Bit Depth,Field Dominance,Data Level,Date Modified,Input Gamma,Camera Type,Camera Serial #,Camera ID,Camera Format,Camera FPS,Shutter Angle,ISO,White Point (Kelvin),Sensor,Camera Firmware,Aspect Ratio Notes,H-Flip,V-Flip,License,Category,Pricing Tier,
A002_A014_0218V7_001.R3D,/Volumes/RAJA_AMPAT_FEB_2026_3A/RAJA_AMPAT_RED_RAPTOR_LV_38_02-03-202623/A002_0216AE.RDM/A002_A014_0218V7.RDC,00:00:09:07,23.976,0,3840 x 2160,r3d,4,"Young Papuan children opening a coconut with a machete, Sawandarek Village, Dampier Strait, Raja Ampat, South West Papua, Indonesia. No Model Release",Papuan Children Cutting Coconuts,20260218 155402,2,"Raja Ampat, Indonesia",16:03:43:07,16:03:52:14,0,222,223,16,Progressive,Auto,Wed Aug 19 15:47:41 2026,Gamma 2.4,KOMODO 6K,KMDBK019149,A,MQ,23.976,180.188,1000,5600,KOMODO S35,"1.8.6, 37748929",1.78,FALSE,FALSE,"Editorial, No Model Release",Culture,Standard,
A002_A029_0218VK_001.R3D,/Volumes/RAJA_AMPAT_FEB_2026_3A/RAJA_AMPAT_RED_RAPTOR_LV_38_02-03-202623/A002_0216AE.RDM/A002_A029_0218VK.RDC,00:00:13:11,23.976,0,3840 x 2160,r3d,3,"Papuan kids splashing around on a board in the calm ocean, Sawandarek Village, Dampier Strait, Raja Ampat, South West Papua, Indonesia, No Model Release",Papuan Kids Playing on a Board,20260218 160703,2,"Raja Ampat, Indonesia",16:18:05:08,16:18:18:19,0,322,323,16,Progressive,Auto,Wed Aug 19 15:47:43 2026,Gamma 2.4,KOMODO 6K,KMDBK019149,A,MQ,59.94,180.18,1000,5600,KOMODO S35,"1.8.6, 37748929",1.78,FALSE,FALSE,"Editorial, No Model Release",Culture,Standard,
A002_A029_0218VK_001.R3D,/Volumes/RAJA_AMPAT_FEB_2026_3A/RAJA_AMPAT_RED_RAPTOR_LV_38_02-03-202623/A002_0216AE.RDM/A002_A029_0218VK_S000.RDC,00:00:14:21,23.976,0,3840 x 2160,r3d,3,"Papuan kids rowing around on a board in the calm ocean, Sawandarek Village, Dampier Strait, Raja Ampat, South West Papua, Indonesia, No Model Release",Papuan Kids Playing on Float,20260218 160703,2,"Raja Ampat, Indonesia",16:17:31:17,16:17:46:14,0,356,357,16,Progressive,Auto,Wed Aug 19 15:47:44 2026,Gamma 2.4,KOMODO 6K,KMDBK019149,A,MQ,59.94,180.18,1000,5600,KOMODO S35,"1.8.6, 37748929",1.78,FALSE,FALSE,"Editorial, No Model Release",Culture,Standard,
A002_A031_0218AB_001.R3D,/Volumes/RAJA_AMPAT_FEB_2026_3A/RAJA_AMPAT_RED_RAPTOR_LV_38_02-03-202623/A002_0216AE.RDM/A002_A031_0218AB.RDC,00:00:05:16,23.976,0,3840 x 2160,r3d,3,"Local speed boats anchored stern to on the beach at Sawandarek Village, Dampier Strait, Raja Ampat, South West Papua, Indonesia (No Property Release)",Speed Boats Anchored at Beach,20260218 160816,2,"Raja Ampat, Indonesia",16:18:06:19,16:18:12:11,0,135,136,16,Progressive,Auto,Wed Aug 19 15:47:44 2026,Gamma 2.4,KOMODO 6K,KMDBK019149,A,MQ,59.94,180.18,1000,5600,KOMODO S35,"1.8.6, 37748929",1.78,FALSE,FALSE,"Editorial, No Model Release",Culture,Standard,
A002_A032_02188W_001.R3D,/Volumes/RAJA_AMPAT_FEB_2026_3A/RAJA_AMPAT_RED_RAPTOR_LV_38_02-03-202623/A002_0216AE.RDM/A002_A032_02188W.RDC,00:00:27:19,23.976,0,3840 x 2160,r3d,3,"Papuan kids posing for the camera, Sawandarek Village, Dampier Strait, Raja Ampat, South West Papua, Indonesia (No Model Release)",Kids Pose for Camera,20260218 161027,2,"Raja Ampat, Indonesia",16:20:05:16,16:20:33:11,0,666,667,16,Progressive,Auto,Wed Aug 19 15:47:47 2026,Gamma 2.4,KOMODO 6K,KMDBK019149,A,MQ,59.94,180.18,400,5600,KOMODO S35,"1.8.6, 37748929",1.78,FALSE,FALSE,"Editorial, No Model Release",Culture,Standard,
A002_A033_0218VT_001.R3D,/Volumes/RAJA_AMPAT_FEB_2026_3A/RAJA_AMPAT_RED_RAPTOR_LV_38_02-03-202623/A002_0216AE.RDM/A002_A033_0218VT.RDC,00:00:05:16,23.976,0,3840 x 2160,r3d,3,"A young local boy poses for the camera, Sawandarek Village, Dampier Strait, Raja Ampat, South West Papua, Indonesia (No Model Release)",Posing for the Camera,20260218 161057,2,"Raja Ampat, Indonesia",16:21:46:01,16:21:51:17,0,135,136,16,Progressive,Auto,Wed Aug 19 15:47:47 2026,Gamma 2.4,KOMODO 6K,KMDBK019149,A,MQ,59.94,180.18,400,5600,KOMODO S35,"1.8.6, 37748929",1.78,FALSE,FALSE,"Editorial, No Model Release",Culture,Standard,
A002_A033_0218VT_001.R3D,/Volumes/RAJA_AMPAT_FEB_2026_3A/RAJA_AMPAT_RED_RAPTOR_LV_38_02-03-202623/A002_0216AE.RDM/A002_A033_0218VT_S000.RDC,00:00:02:16,23.976,0,3840 x 2160,r3d,3,"Young local boy poses for the camera, Sawandarek Village, Dampier Strait, Raja Ampat, South West Papua, Indonesia, No Model Release",Waving at the Camera,20260218 161057,2,"Raja Ampat, Indonesia",16:21:13:22,16:21:16:14,0,63,64,16,Progressive,Auto,Wed Aug 19 15:47:48 2026,Gamma 2.4,KOMODO 6K,KMDBK019149,A,MQ,59.94,180.18,400,5600,KOMODO S35,"1.8.6, 37748929",1.78,FALSE,FALSE,"Editorial, No Model Release",Culture,Standard,
A002_A034_0218XB_001.R3D,/Volumes/RAJA_AMPAT_FEB_2026_3A/RAJA_AMPAT_RED_RAPTOR_LV_38_02-03-202623/A002_0216AE.RDM/A002_A034_0218XB.RDC,00:00:08:14,23.976,0,3840 x 2160,r3d,3,"Young boy makes faces at the camera, Sawandarek Village, Dampier Strait, Raja Ampat, South West Papua, Indonesia, No Model Release",Young Boy Makes Face at Camera,20260218 161133,2,"Raja Ampat, Indonesia",16:21:21:05,16:21:29:19,0,205,206,16,Progressive,Auto,Wed Aug 19 15:47:48 2026,Gamma 2.4,KOMODO 6K,KMDBK019149,A,MQ,59.94,180.18,400,5600,KOMODO S35,"1.8.6, 37748929",1.78,FALSE,FALSE,"Editorial, No Model Release",Culture,Standard,
A002_A035_021821_001.R3D,/Volumes/RAJA_AMPAT_FEB_2026_3A/RAJA_AMPAT_RED_RAPTOR_LV_38_02-03-202623/A002_0216AE.RDM/A002_A035_021821.RDC,00:00:37:07,23.976,0,3840 x 2160,r3d,3,"Young Papuan man smiles at the camera, Sawandarek Village, Dampier Strait, Raja Ampat, South West Papua, Indonesia",Young Man Smiles at Camera,20260218 161151,2,"Raja Ampat, Indonesia",16:21:25:00,16:22:02:07,0,894,895,16,Progressive,Auto,Wed Aug 19 15:47:52 2026,Gamma 2.4,KOMODO 6K,KMDBK019149,A,MQ,59.94,180.18,400,5600,KOMODO S35,"1.8.6, 37748929",1.78,FALSE,FALSE,"Editorial, No Model Release",Culture,Standard,
A002_A037_0218RM_001.R3D,/Volumes/RAJA_AMPAT_FEB_2026_3A/RAJA_AMPAT_RED_RAPTOR_LV_38_02-03-202623/A002_0216AE.RDM/A002_A037_0218RM.RDC,00:00:14:09,23.976,0,3840 x 2160,r3d,3,"A young lady smiles at the camera, Sawandarek village, Dampier Strait, Raja Ampat, South West Papua, Indonesia, No Model Release",Young Lady Smiles at Camera,20260218 161523,2,"Raja Ampat, Indonesia",16:24:57:01,16:25:11:10,0,344,345,16,Progressive,Auto,Wed Aug 19 15:47:55 2026,Gamma 2.4,KOMODO 6K,KMDBK019149,A,MQ,59.94,180.18,400,5600,KOMODO S35,"1.8.6, 37748929",1.78,FALSE,FALSE,"Editorial, No Model Release",Culture,Standard,
A002_A037_0218RM_001.R3D,/Volumes/RAJA_AMPAT_FEB_2026_3A/RAJA_AMPAT_RED_RAPTOR_LV_38_02-03-202623/A002_0216AE.RDM/A002_A037_0218RM_S000.RDC,00:00:12:10,23.976,0,3840 x 2160,r3d,3,"Shy young Papuan girl looks at the camera, Sawandarek village, Dampier Strait, Raja Ampat, South West Papua, Indonesia, No Model Release",Shy Young Papuan Girl,20260218 161523,2,"Raja Ampat, Indonesia",16:25:14:07,16:25:26:17,0,297,298,16,Progressive,Auto,Wed Aug 19 15:47:56 2026,Gamma 2.4,KOMODO 6K,KMDBK019149,A,MQ,59.94,180.18,400,5600,KOMODO S35,"1.8.6, 37748929",1.78,FALSE,FALSE,"Editorial, No Model Release",Culture,Standard,
A002_A046_0218HP_001.R3D,/Volumes/RAJA_AMPAT_FEB_2026_3A/RAJA_AMPAT_RED_RAPTOR_LV_38_02-03-202623/A002_0216AE.RDM/A002_A046_0218HP.RDC,00:00:09:00,23.976,0,6144 x 3240,r3d,3,"Young Papuan boy playing in the sand on the beach, Sawandarek village, Dampier Strait, Raja Ampat, South West Papua, Indonesia, No Model Release",Young Boy Playing in the Sand,20260218 162647,2,"Raja Ampat, Indonesia",16:36:52:05,16:37:01:05,0,215,216,16,Progressive,Auto,Wed Aug 19 15:48:00 2026,Gamma 2.4,KOMODO 6K,KMDBK019149,A,MQ,39.96,180.18,400,5600,KOMODO S35,"1.8.6, 37748929",1.8963,FALSE,FALSE,"Editorial, No Model Release",Culture,Standard,
A002_A047_02183S_001.R3D,/Volumes/RAJA_AMPAT_FEB_2026_3A/RAJA_AMPAT_RED_RAPTOR_LV_38_02-03-202623/A002_0216AE.RDM/A002_A047_02183S.RDC,00:00:07:00,23.976,0,6144 x 3240,r3d,3,"A young Papuan girl playing on the beach, Sawandarek village, Dampier Strait, Raja Ampat, South West Papua, Indonesia, No Model Release",Young Girl on the Beach,20260218 162738,2,"Raja Ampat, Indonesia",16:37:22:22,16:37:29:22,0,167,168,16,Progressive,Auto,Wed Aug 19 15:48:34 2026,Gamma 2.4,KOMODO 6K,KMDBK019149,A,MQ,39.96,180.18,400,5600,KOMODO S35,"1.8.6, 37748929",1.8963,FALSE,FALSE,"Editorial, No Model Release",Culture,Standard,
A002_A048_0218HV_001.R3D,/Volumes/RAJA_AMPAT_FEB_2026_3A/RAJA_AMPAT_RED_RAPTOR_LV_38_02-03-202623/A002_0216AE.RDM/A002_A048_0218HV.RDC,00:00:08:04,23.976,0,6144 x 3240,r3d,3,"A young Papuan boy with face covered in sand, Sawandarek village, Dampier Strait, Raja Ampat, South West Papua, Indonesia, No Model Release",Young Papuan Child Covered in Sand,20260218 162810,2,"Raja Ampat, Indonesia",16:38:00:18,16:38:08:22,0,195,196,16,Progressive,Auto,Wed Aug 19 15:48:02 2026,Gamma 2.4,KOMODO 6K,KMDBK019149,A,MQ,39.96,180.18,400,5600,KOMODO S35,"1.8.6, 37748929",1.8963,FALSE,FALSE,"Editorial, No Model Release",Culture,Standard,
A002_A049_0218BN_001.R3D,/Volumes/RAJA_AMPAT_FEB_2026_3A/RAJA_AMPAT_RED_RAPTOR_LV_38_02-03-202623/A002_0216AE.RDM/A002_A049_0218BN.RDC,00:00:16:12,23.976,0,6144 x 3240,r3d,3,"Young Papuan children playing on the beach, Sawandarek village, Dampier Strait, Raja Ampat, South West Papua, Indonesia, No Model Release",Papuan Kids Playing on the Beach,20260218 162847,2,"Raja Ampat, Indonesia",16:38:22:17,16:38:39:05,0,395,396,16,Progressive,Auto,Wed Aug 19 15:48:06 2026,Gamma 2.4,KOMODO 6K,KMDBK019149,A,MQ,39.96,180.18,400,5600,KOMODO S35,"1.8.6, 37748929",1.8963,FALSE,FALSE,"Editorial, No Model Release",Culture,Standard,
A002_A050_0218YA_001.R3D,/Volumes/RAJA_AMPAT_FEB_2026_3A/RAJA_AMPAT_RED_RAPTOR_LV_38_02-03-202623/A002_0216AE.RDM/A002_A050_0218YA.RDC,00:00:16:10,23.976,0,6144 x 3240,r3d,3,"A young boy with face covered in sand, Sawandarek village, Dampier Strait, Raja Ampat, South West Papua, Indonesia, No Model Release",Young Boy Covered in Sand,20260218 162906,2,"Raja Ampat, Indonesia",16:38:47:13,16:39:03:23,0,393,394,16,Progressive,Auto,Wed Aug 19 15:48:10 2026,Gamma 2.4,KOMODO 6K,KMDBK019149,A,MQ,39.96,180.18,400,5600,KOMODO S35,"1.8.6, 37748929",1.8963,FALSE,FALSE,"Editorial, No Model Release",Culture,Standard,
A002_A052_0218K4_001.R3D,/Volumes/RAJA_AMPAT_FEB_2026_3A/RAJA_AMPAT_RED_RAPTOR_LV_38_02-03-202623/A002_0216AE.RDM/A002_A052_0218K4.RDC,00:00:06:16,23.976,0,6144 x 3240,r3d,3,"A young girl playing with sand on the beach, Sawandarek village, Dampier Strait, Raja Ampat, South West Papua, Indonesia, No Model Release",Young Lady with Sand on her Face,20260218 163415,2,"Raja Ampat, Indonesia",16:44:15:00,16:44:21:16,0,159,160,16,Progressive,Auto,Wed Aug 19 15:48:12 2026,Gamma 2.4,KOMODO 6K,KMDBK019149,A,MQ,39.96,180.18,400,5600,KOMODO S35,"1.8.6, 37748929",1.8963,FALSE,FALSE,"Editorial, No Model Release",Culture,Standard,
A002_A058_0218N6_001.R3D,/Volumes/RAJA_AMPAT_FEB_2026_3A/RAJA_AMPAT_RED_RAPTOR_LV_38_02-03-202623/A002_0216AE.RDM/A002_A058_0218N6.RDC,00:00:20:12,23.976,0,6144 x 3240,r3d,3,"Local speed boat coming to the beach, Sawandarek village, Dampier Strait, Raja Ampat, South West Papua, Indonesia, No Model Release",Local Boat Going to the Beach,20260218 164158,2,"Raja Ampat, Indonesia",16:51:32:15,16:51:53:03,0,491,492,16,Progressive,Auto,Wed Aug 19 15:48:20 2026,Gamma 2.4,KOMODO 6K,KMDBK019149,A,MQ,39.96,180.18,400,5600,KOMODO S35,"1.8.6, 37748929",1.8963,FALSE,FALSE,"Editorial, No Model Release",Culture,Standard,
A002_A062_0218L1_001.R3D,/Volumes/RAJA_AMPAT_FEB_2026_3A/RAJA_AMPAT_RED_RAPTOR_LV_38_02-03-202623/A002_0216AE.RDM/A002_A062_0218L1.RDC,00:00:09:12,23.976,0,6144 x 3240,r3d,3,"Beach and houses as seen from the sea, Sawandarek village, Dampier Strait, Raja Ampat, South West Papua, Indonesia, No Model Release",Sawandarek Village Scene,20260218 164442,2,"Raja Ampat, Indonesia",16:54:19:06,16:54:28:18,0,227,228,16,Progressive,Auto,Wed Aug 19 15:48:23 2026,Gamma 2.4,KOMODO 6K,KMDBK019149,A,MQ,39.96,180.18,400,5600,KOMODO S35,"1.8.6, 37748929",1.8963,FALSE,FALSE,"Editorial, No Model Release",Culture,Standard,
A002_A083_03020R_001.R3D,/Volumes/RAJA_AMPAT_FEB_2026_3A/RAJA_AMPAT_RED_RAPTOR_LV_38_02-03-202623/A002_0216AE.RDM/A002_A083_03020R.RDC,00:00:02:22,23.976,0,6144 x 3240,r3d,3,"Turnbuckle and shackle system holding the rigging of a Phinisi ship, backlit by the sun",Phinisi Rigging and Sun,20260302 161640,2,"Raja Ampat, Indonesia",16:09:02:13,16:09:05:11,0,69,70,16,Progressive,Auto,Wed Aug 19 15:48:30 2026,Gamma 2.4,KOMODO 6K,KMDBK019149,A,MQ,39.96,180.18,400,5600,KOMODO S35,"1.8.6, 37748929",1.8963,FALSE,FALSE,Commercial,Culture,Standard,
A002_A092_03024Z_001.R3D,/Volumes/RAJA_AMPAT_FEB_2026_3A/RAJA_AMPAT_RED_RAPTOR_LV_38_02-03-202623/A002_0216AE.RDM/A002_A092_03024Z.RDC,00:00:07:08,23.976,0,6144 x 3240,r3d,3,"Small island backlit by the sun in the late evening, Dampier Strait, Raja Ampat, South West Papua, Indonesia,",Backlit Island,20260302 163602,2,"Raja Ampat, Indonesia",16:28:24:01,16:28:31:09,0,175,176,16,Progressive,Auto,Wed Aug 19 15:48:32 2026,Gamma 2.4,KOMODO 6K,KMDBK019149,A,MQ,39.96,180.18,400,5600,KOMODO S35,"1.8.6, 37748929",1.8963,FALSE,FALSE,Commercial,Culture,Standard,