File Name,Clip Directory,Duration TC,Shot Frame Rate,Audio Channels,Resolution,Video Codec,Pricing Tier,Rating,Description,Comments Title,Keywords,Date Recorded,Reel Number,Location,Start TC,End TC,Start Frame,End Frame,Frames,Bit Depth,Field Dominance,Data Level,Date Modified,Input Gamma,Camera Type,Camera Serial #,Camera ID,Camera Format,Camera FPS,Shutter Angle,ISO,White Point (Kelvin),Sensor,Camera Firmware,Lens Type,Camera Aperture,Focal Point (mm),Distance,Aspect Ratio Notes,H-Flip,V-Flip,License,Category
A044_D001_0222N1_001.R3D,/Volumes/RAJA_AMPAT_FEB_2026_3A/RAJA_AMPAT_RED_RAPTOR_LV_22-02-202614_1/A044_0222HA.RDM/A044_D001_0222N1.RDC,00:00:05:21,23.976,0,7680 x 4320,r3d,Premium,4,"Small tropical fish swimming around a seafan and soft corals on a wall in Raja Ampat, Southwest Papua, Indonesia, Pacific Ocean",Seafan on Wall with Tropical Fish,,20260222 102629,44,Raja Ampat,17:59:34:07,17:59:40:04,0,140,141,16,Progressive,Auto,Tue Aug 18 19:37:28 2026,Gamma 2.4,V-RAPTOR 8K VV,VRPB1006456,A,MQ,32,180,1600,9100,V-RAPTOR VV,"1.5.4, 36176123",Canon,140,24,480,1.78,FALSE,FALSE,Commercial,Underwater
A044_D001_0222N1_001.R3D,/Volumes/RAJA_AMPAT_FEB_2026_3A/RAJA_AMPAT_RED_RAPTOR_LV_22-02-202614_1/A044_0222HA.RDM/A044_D001_0222N1_S000.RDC,00:00:08:19,23.976,0,7680 x 4320,r3d,Premium,4,"Small reef fish swim past a gorgonian sea fan, Raja Ampat, South West Papua, Indonesia, Pacific Ocean",Gorgonian Sea Fan and Fish,,20260222 102629,44,Raja Ampat,17:59:43:07,17:59:52:02,0,210,211,16,Progressive,Auto,Tue Aug 18 19:44:38 2026,Gamma 2.4,V-RAPTOR 8K VV,VRPB1006456,A,MQ,32,180,1600,9100,V-RAPTOR VV,"1.5.4, 36176123",Canon,140,24,480,1.78,FALSE,FALSE,Commercial,Underwater
A044_D005_0222P4_001.R3D,/Volumes/RAJA_AMPAT_FEB_2026_3A/RAJA_AMPAT_RED_RAPTOR_LV_22-02-202614_1/A044_0222HA.RDM/A044_D005_0222P4.RDC,00:00:45:13,23.976,0,7680 x 4320,r3d,Premium,4,"Yellowtail fusiliers, Caesio cuning, swim through the blue hole in the reef with a sea fan in the foreground, Raja Ampat, Southwest Papua, Indonesia, Pacific Ocean",Yellowtail Fusiliers and Blue Hole,,20260222 102912,44,Raja Ampat,18:02:24:22,18:03:10:11,0,1092,1093,16,Progressive,Auto,Tue Aug 18 19:37:41 2026,Gamma 2.4,V-RAPTOR 8K VV,VRPB1006456,A,MQ,32,180,1600,9100,V-RAPTOR VV,"1.5.4, 36176123",Canon,140,24,500,1.78,FALSE,FALSE,Commercial,Underwater
A044_D007_0222IG_001.R3D,/Volumes/RAJA_AMPAT_FEB_2026_3A/RAJA_AMPAT_RED_RAPTOR_LV_22-02-202614_1/A044_0222HA.RDM/A044_D007_0222IG.RDC,00:00:33:07,23.976,0,7680 x 4320,r3d,Premium,4,"Yellowtail fusiliers, Caesio cuning, swim through the blue hole in the reef with a sea fan in the foreground, Raja Ampat, Southwest Papua, Indonesia, Pacific Ocean",Fusiliers Schooling in front of a Blue Hole,,20260222 103142,44,Raja Ampat,18:05:39:17,18:06:13:00,0,798,799,16,Progressive,Auto,Tue Aug 18 19:37:57 2026,Gamma 2.4,V-RAPTOR 8K VV,VRPB1006456,A,MQ,32,180,1600,9100,V-RAPTOR VV,"1.5.4, 36176123",Canon,140,24,440,1.78,FALSE,FALSE,Commercial,Underwater
A044_D009_0222OE_001.R3D,/Volumes/RAJA_AMPAT_FEB_2026_3A/RAJA_AMPAT_RED_RAPTOR_LV_22-02-202614_1/A044_0222HA.RDM/A044_D009_0222OE.RDC,00:00:04:18,23.976,0,7680 x 4320,r3d,Standard,3,"Yellowtail fusiliers, Caesio cuning, schooling on a coral reef, Raja Ampat, Southwest Papua, Indonesia, Pacific Ocean",Schooling Yellowtail Fusiliers,,20260222 103453,44,Raja Ampat,18:07:59:23,18:08:04:17,0,113,114,16,Progressive,Auto,Tue Aug 18 19:38:09 2026,Gamma 2.4,V-RAPTOR 8K VV,VRPB1006456,A,MQ,32,180,1600,9100,V-RAPTOR VV,"1.5.4, 36176123",Canon,110,70,510,1.78,FALSE,FALSE,Commercial,Underwater
A044_D010_0222HK_001.R3D,/Volumes/RAJA_AMPAT_FEB_2026_3A/RAJA_AMPAT_RED_RAPTOR_LV_22-02-202614_1/A044_0222HA.RDM/A044_D010_0222HK.RDC,00:00:13:06,23.976,0,7680 x 4320,r3d,Premium,4,"A mixed school of fusiliers including  yellowtail, Caesio cuning, and lunar, Caesio lunaris, on a coral reef,  Raja Ampat, Southwest Papua, Indonesia, Pacific Ocean",Mixed School of Fusiliers in Raja Ampat,,20260222 103534,44,Raja Ampat,18:08:44:10,18:08:57:16,0,317,318,16,Progressive,Auto,Tue Aug 18 19:38:16 2026,Gamma 2.4,V-RAPTOR 8K VV,VRPB1006456,A,MQ,32,180,1600,9100,V-RAPTOR VV,"1.5.4, 36176123",Canon,130,70,510,1.78,FALSE,FALSE,"Commercial
",Underwater
A044_D011_02222Z_001.R3D,/Volumes/RAJA_AMPAT_FEB_2026_3A/RAJA_AMPAT_RED_RAPTOR_LV_22-02-202614_1/A044_0222HA.RDM/A044_D011_02222Z.RDC,00:00:24:07,23.976,0,7680 x 4320,r3d,Standard,3,"Shallow hard and soft corals in five metres of water, Raja Ampat, Southwest Papua, Indonesia, Pacific Ocean",Shallow Hard Coral Reef,,20260222 103610,44,Raja Ampat,18:09:18:07,18:09:42:14,0,582,583,16,Progressive,Auto,Tue Aug 18 19:38:25 2026,Gamma 2.4,V-RAPTOR 8K VV,VRPB1006456,A,MQ,32,180,1600,9100,V-RAPTOR VV,"1.5.4, 36176123",Canon,130,24,620,1.78,FALSE,FALSE,Commercial,Underwater
A044_D012_0222XR_001.R3D,/Volumes/RAJA_AMPAT_FEB_2026_3A/RAJA_AMPAT_RED_RAPTOR_LV_22-02-202614_1/A044_0222HA.RDM/A044_D012_0222XR.RDC,00:00:12:17,23.976,0,7680 x 4320,r3d,Premium,4,"The blue hole at Batu Rufus dive site with a healthy coral reef in the foreground,  Raja Ampat, Southwest Papua, Indonesia, Pacific Ocean",Batu Rufus Blue Hole,,20260222 103737,44,Raja Ampat,18:11:43:04,18:11:55:21,0,304,305,16,Progressive,Auto,Tue Aug 18 19:38:38 2026,Gamma 2.4,V-RAPTOR 8K VV,VRPB1006456,A,MQ,32,180,1600,9100,V-RAPTOR VV,"1.5.4, 36176123",Canon,130,24,620,1.78,FALSE,FALSE,Commercial,Underwater
A044_D013_02221B_001.R3D,/Volumes/RAJA_AMPAT_FEB_2026_3A/RAJA_AMPAT_RED_RAPTOR_LV_22-02-202614_1/A044_0222HA.RDM/A044_D013_02221B.RDC,00:00:12:15,23.976,0,7680 x 4320,r3d,Premium,4,"Blue hole of Batu Rufus dive site with a school of yellowtail fusiliers, Caesio cuning, in the background and healthy coral in the foreground, Raja Ampat, Southwest Papua, Indonesia, Pacific Ocean",Blue Hole Batu Rufus,,20260222 103908,44,Raja Ampat,18:12:22:03,18:12:34:18,0,302,303,16,Progressive,Auto,Tue Aug 18 19:38:45 2026,Gamma 2.4,V-RAPTOR 8K VV,VRPB1006456,A,MQ,32,180,1600,9100,V-RAPTOR VV,"1.5.4, 36176123",Canon,130,24,620,1.78,FALSE,FALSE,Commercial,Underwater
A044_D014_0222SB_001.R3D,/Volumes/RAJA_AMPAT_FEB_2026_3A/RAJA_AMPAT_RED_RAPTOR_LV_22-02-202614_1/A044_0222HA.RDM/A044_D014_0222SB.RDC,00:00:25:17,23.976,0,7680 x 4320,r3d,Premium,4,"Swimming toward the blue hole of Batu Rufus dive site with colourful seafans and tropical fish in the foreground, Raja Ampat, Southwest Papua, Indonesia, Pacific Ocean",Sea Fan and Swim Through,,20260222 103940,44,Raja Ampat,18:12:58:08,18:13:24:01,0,616,617,16,Progressive,Auto,Tue Aug 18 19:38:54 2026,Gamma 2.4,V-RAPTOR 8K VV,VRPB1006456,A,MQ,32,180,1600,9100,V-RAPTOR VV,"1.5.4, 36176123",Canon,130,24,620,1.78,FALSE,FALSE,Commercial,Underwater
A044_D015_0222OY_001.R3D,/Volumes/RAJA_AMPAT_FEB_2026_3A/RAJA_AMPAT_RED_RAPTOR_LV_22-02-202614_1/A044_0222HA.RDM/A044_D015_0222OY.RDC,00:00:20:17,23.976,0,7680 x 4320,r3d,Premium,4,"Swimming toward the blue hole of Batu Rufus dive site with colourful seafans and tropical fish in the foreground, Raja Ampat, Southwest Papua, Indonesia, Pacific Ocean",Red Seafans and Blue Hole,,20260222 104139,44,Raja Ampat,18:15:10:07,18:15:31:00,0,496,497,16,Progressive,Auto,Tue Aug 18 19:39:08 2026,Gamma 2.4,V-RAPTOR 8K VV,VRPB1006456,A,MQ,32,180,1600,9100,V-RAPTOR VV,"1.5.4, 36176123",Canon,160,24,620,1.78,FALSE,FALSE,Commercial,Underwater
A044_D016_02225H_001.R3D,/Volumes/RAJA_AMPAT_FEB_2026_3A/RAJA_AMPAT_RED_RAPTOR_LV_22-02-202614_1/A044_0222HA.RDM/A044_D016_02225H.RDC,00:00:09:01,23.976,0,7680 x 4320,r3d,Premium,4,"A red seafan with sunrays streaming through shallow water, Raja Ampat, Southwest Papua, Indonesia, Pacific Ocean",Shallow Seafan and Sunrays,,20260222 104244,44,Raja Ampat,18:16:04:08,18:16:13:09,0,216,217,16,Progressive,Auto,Tue Aug 18 19:39:17 2026,Gamma 2.4,V-RAPTOR 8K VV,VRPB1006456,A,MQ,32,180,1600,9100,V-RAPTOR VV,"1.5.4, 36176123",Canon,160,24,640,1.78,FALSE,FALSE,Commercial,Underwater
A044_D018_02221M_001.R3D,/Volumes/RAJA_AMPAT_FEB_2026_3A/RAJA_AMPAT_RED_RAPTOR_LV_22-02-202614_1/A044_0222HA.RDM/A044_D018_02221M.RDC,00:00:14:14,23.976,0,7680 x 4320,r3d,Premium,4,"Soft corals and yellowtail fusiliers, Caesio cuning,  Raja Ampat, Southwest Papua, Indonesia, Pacific Ocean",Soft Coral Shallow Reef,,20260222 104826,44,Raja Ampat,18:21:32:00,18:21:46:14,0,349,350,16,Progressive,Auto,Tue Aug 18 19:39:49 2026,Gamma 2.4,V-RAPTOR 8K VV,VRPB1006456,A,MQ,32,180,1600,9100,V-RAPTOR VV,"1.5.4, 36176123",Canon,140,24,640,1.78,FALSE,FALSE,Commercial,Underwater
A044_D018_02221M_001.R3D,/Volumes/RAJA_AMPAT_FEB_2026_3A/RAJA_AMPAT_RED_RAPTOR_LV_22-02-202614_1/A044_0222HA.RDM/A044_D018_02221M_S000.RDC,00:00:11:17,23.976,0,7680 x 4320,r3d,Premium,4,"Yellow tail fusiliers, Caesio cuning, swim around a shallow coral reef with a giant barrel sponge, Xestospongia testudinaria, and a variety of leather corals, Raja Ampat, South West Papua, Indonesia, Pacific Ocean ",Fusiliers and Shallow Coral Reef,,20260222 104826,44,Raja Ampat,18:21:46:13,18:21:58:06,0,280,281,16,Progressive,Auto,Tue Aug 18 19:45:22 2026,Gamma 2.4,V-RAPTOR 8K VV,VRPB1006456,A,MQ,32,180,1600,9100,V-RAPTOR VV,"1.5.4, 36176123",Canon,140,24,640,1.78,FALSE,FALSE,Commercial,Underwater
A044_D020_0222FW_001.R3D,/Volumes/RAJA_AMPAT_FEB_2026_3A/RAJA_AMPAT_RED_RAPTOR_LV_22-02-202614_1/A044_0222HA.RDM/A044_D020_0222FW.RDC,00:00:09:02,23.976,0,7680 x 4320,r3d,Premium,4,"Giant barrel sponge, Xestospongia testudinaria, and a variety of leather corals, in the shallow waters of Raja Ampat, South West Papua, Indonesia, Pacific Ocean",Barrel Sponge and Leather Corals,,20260222 104926,44,Raja Ampat,18:22:36:03,18:22:45:05,0,217,218,16,Progressive,Auto,Tue Aug 18 19:39:54 2026,Gamma 2.4,V-RAPTOR 8K VV,VRPB1006456,A,MQ,32,180,1600,9100,V-RAPTOR VV,"1.5.4, 36176123",Canon,140,24,640,1.78,FALSE,FALSE,Commercial,Underwater
A044_D022_02225Y_001.R3D,/Volumes/RAJA_AMPAT_FEB_2026_3A/RAJA_AMPAT_RED_RAPTOR_LV_22-02-202614_1/A044_0222HA.RDM/A044_D022_02225Y.RDC,00:00:15:20,23.976,0,7680 x 4320,r3d,Premium,4,"Clouds of blue-green chromis, Chromis viridis, swim above a large patch of healthy cabbage coral, Turbinaria sp, Raja Ampat, South West Papua, Indonesia, Pacific Ocean
",Blue Green Chromis and Cabbage Coral,,20260222 105048,44,Raja Ampat,18:24:10:21,18:24:26:17,0,379,380,16,Progressive,Auto,Tue Aug 18 19:40:03 2026,Gamma 2.4,V-RAPTOR 8K VV,VRPB1006456,A,MQ,32,180,1600,9100,V-RAPTOR VV,"1.5.4, 36176123",Canon,140,24,640,1.78,FALSE,FALSE,"Commercial
",Underwater
A044_D023_02227W_001.R3D,/Volumes/RAJA_AMPAT_FEB_2026_3A/RAJA_AMPAT_RED_RAPTOR_LV_22-02-202614_1/A044_0222HA.RDM/A044_D023_02227W.RDC,00:00:15:00,23.976,0,7680 x 4320,r3d,Premium,5,"Large schools of blue-green chromis, Chromis viridis, swim above a large patch of healthy cabbage coral, Turbinaria sp, Raja Ampat, South West Papua, Indonesia, Pacific Ocean
",Schooling Blue Green Chromis and Cabbage Coral,,20260222 105217,44,Raja Ampat,18:25:31:22,18:25:46:22,0,359,360,16,Progressive,Auto,Tue Aug 18 19:45:36 2026,Gamma 2.4,V-RAPTOR 8K VV,VRPB1006456,A,MQ,32,180,1600,9100,V-RAPTOR VV,"1.5.4, 36176123",Canon,140,24,500,1.78,FALSE,FALSE,Commercial,Underwater
A044_D023_02227W_001.R3D,/Volumes/RAJA_AMPAT_FEB_2026_3A/RAJA_AMPAT_RED_RAPTOR_LV_22-02-202614_1/A044_0222HA.RDM/A044_D023_02227W_S000.RDC,00:00:21:02,23.976,0,7680 x 4320,r3d,Premium,5,"Schools of blue-green chromis, Chromis viridis, swim above a large patch of healthy cabbage coral, Turbinaria sp, Raja Ampat, South West Papua, Indonesia, Pacific Ocean
",Blue-Green Chromis and Cabbage Coral,,20260222 105217,44,Raja Ampat,18:26:07:19,18:26:28:21,0,505,506,16,Progressive,Auto,Tue Aug 18 19:45:47 2026,Gamma 2.4,V-RAPTOR 8K VV,VRPB1006456,A,MQ,32,180,1600,9100,V-RAPTOR VV,"1.5.4, 36176123",Canon,140,24,500,1.78,FALSE,FALSE,Commercial,Underwater
A044_D023_02227W_001.R3D,/Volumes/RAJA_AMPAT_FEB_2026_3A/RAJA_AMPAT_RED_RAPTOR_LV_22-02-202614_1/A044_0222HA.RDM/A044_D023_02227W_S001.RDC,00:00:10:06,23.976,0,7680 x 4320,r3d,Premium,4,"Schools of Chromis viridis, swim above a large patch of healthy cabbage coral, Turbinaria sp, Raja Ampat, South West Papua, Indonesia, Pacific Ocean
",Cabbage Coral Patch and Chromis,,20260222 105217,44,Raja Ampat,18:26:28:20,18:26:39:02,0,245,246,16,Progressive,Auto,Tue Aug 18 19:46:04 2026,Gamma 2.4,V-RAPTOR 8K VV,VRPB1006456,A,MQ,32,180,1600,9100,V-RAPTOR VV,"1.5.4, 36176123",Canon,140,24,500,1.78,FALSE,FALSE,Commercial,Underwater
A044_D024_0222AV_001.R3D,/Volumes/RAJA_AMPAT_FEB_2026_3A/RAJA_AMPAT_RED_RAPTOR_LV_22-02-202614_1/A044_0222HA.RDM/A044_D024_0222AV.RDC,00:00:19:05,23.976,0,7680 x 4320,r3d,Premium,4,"Moving over schools of blue-green chromis, Chromis viridis, swim above a large patch of healthy cabbage coral, Turbinaria sp, Raja Ampat, South West Papua, Indonesia, Pacific Ocean
",Pushing Over Chromis and Cabbage Coral,,20260222 105431,44,Raja Ampat,18:29:31:12,18:29:50:17,0,460,461,16,Progressive,Auto,Tue Aug 18 19:40:12 2026,Gamma 2.4,V-RAPTOR 8K VV,VRPB1006456,A,MQ,32,180,1600,9100,V-RAPTOR VV,"1.5.4, 36176123",Canon,130,24,400,1.78,FALSE,FALSE,Commercial,Underwater
A044_D025_0222BZ_001.R3D,/Volumes/RAJA_AMPAT_FEB_2026_3A/RAJA_AMPAT_RED_RAPTOR_LV_22-02-202614_1/A044_0222HA.RDM/A044_D025_0222BZ.RDC,00:00:12:18,23.976,0,7680 x 4320,r3d,Premium,4,"Close up of blue-green chromis, Chromis viridis, swim above a large patch of healthy cabbage coral, Turbinaria sp, Raja Ampat, South West Papua, Indonesia, Pacific Ocean
",Chromis and Cabbage Coral,,20260222 105645,44,Raja Ampat,18:31:06:04,18:31:18:22,0,305,306,16,Progressive,Auto,Tue Aug 18 19:40:21 2026,Gamma 2.4,V-RAPTOR 8K VV,VRPB1006456,A,MQ,32,180,1600,9100,V-RAPTOR VV,"1.5.4, 36176123",Canon,90,57,480,1.78,FALSE,FALSE,Commercial,Underwater
A044_D026_0222VR_001.R3D,/Volumes/RAJA_AMPAT_FEB_2026_3A/RAJA_AMPAT_RED_RAPTOR_LV_22-02-202614_1/A044_0222HA.RDM/A044_D026_0222VR.RDC,00:00:12:09,23.976,0,7680 x 4320,r3d,Premium,4,"Swarms of tightly packed blue-green chromis, Chromis viridis, swim above a large patch of healthy cabbage coral, Turbinaria sp, Raja Ampat, South West Papua, Indonesia, Pacific Ocean
",Blue Green Chromis Schooling over Hard Coral,,20260222 105844,44,Raja Ampat,18:33:00:07,18:33:12:16,0,296,297,16,Progressive,Auto,Tue Aug 18 19:40:28 2026,Gamma 2.4,V-RAPTOR 8K VV,VRPB1006456,A,MQ,32,180,1600,9100,V-RAPTOR VV,"1.5.4, 36176123",Canon,90,57,490,1.78,FALSE,FALSE,Commercial,Underwater
A044_D026_0222VR_001.R3D,/Volumes/RAJA_AMPAT_FEB_2026_3A/RAJA_AMPAT_RED_RAPTOR_LV_22-02-202614_1/A044_0222HA.RDM/A044_D026_0222VR_S000.RDC,00:00:11:17,23.976,0,7680 x 4320,r3d,Premium,4,"Blue-green chromis, Chromis viridis, and other small tropical fish schooling above a healthy cabbage coral reef, Turbinaria sp,, Raja Ampat, South West Papua, Indonesia, Pacific Ocean",Healthy Cabbage Coral and Chromis,,20260222 105844,44,Raja Ampat,18:33:22:16,18:33:34:09,0,280,281,16,Progressive,Auto,Tue Aug 18 19:46:13 2026,Gamma 2.4,V-RAPTOR 8K VV,VRPB1006456,A,MQ,32,180,1600,9100,V-RAPTOR VV,"1.5.4, 36176123",Canon,90,57,490,1.78,FALSE,FALSE,Commercial,Underwater
A044_D029_02226F_001.R3D,/Volumes/RAJA_AMPAT_FEB_2026_3A/RAJA_AMPAT_RED_RAPTOR_LV_22-02-202614_1/A044_0222HA.RDM/A044_D029_02226F.RDC,00:00:15:19,23.976,0,7680 x 4320,r3d,Premium,4,"Two false clownfish, Amphiprion ocellaris, swim around an anemone surrounded by Acropora plate coral and branching coral, Raja Ampat, South West Papua, Indonesia, Pacific Ocean",Two False Clownfish and Hard Corals,,20260222 110441,44,Raja Ampat,18:38:36:01,18:38:51:20,0,378,379,16,Progressive,Auto,Tue Aug 18 19:40:37 2026,Gamma 2.4,V-RAPTOR 8K VV,VRPB1006456,A,MQ,32,180,1600,9100,V-RAPTOR VV,"1.5.4, 36176123",Canon,90,70,390,1.78,FALSE,FALSE,Commercial,Underwater
A044_D030_0222AJ_001.R3D,/Volumes/RAJA_AMPAT_FEB_2026_3A/RAJA_AMPAT_RED_RAPTOR_LV_22-02-202614_1/A044_0222HA.RDM/A044_D030_0222AJ.RDC,00:00:06:22,23.976,0,7680 x 4320,r3d,Premium,4,"Wide shot of two false clownfish, Amphiprion ocellaris, swim around an anemone surrounded by Acropora plate coral and branching coral, Raja Ampat, South West Papua, Indonesia, Pacific Ocean",Wide Shot False Clownfish and Hard Corals,,20260222 110600,44,Raja Ampat,18:39:36:21,18:39:43:19,0,165,166,16,Progressive,Auto,Tue Aug 18 19:40:41 2026,Gamma 2.4,V-RAPTOR 8K VV,VRPB1006456,A,MQ,32,180,1600,9100,V-RAPTOR VV,"1.5.4, 36176123",Canon,110,24,380,1.78,FALSE,FALSE,Commercial,Underwater
A044_D032_0222PG_001.R3D,/Volumes/RAJA_AMPAT_FEB_2026_3A/RAJA_AMPAT_RED_RAPTOR_LV_22-02-202614_1/A044_0222HA.RDM/A044_D032_0222PG.RDC,00:00:14:10,23.976,0,7680 x 4320,r3d,Premium,4,"Two false clownfish, Amphiprion ocellaris, swim around an anemone surrounded by Acropora plate coral and branching coral and other fish in the water column, Raja Ampat, South West Papua, Indonesia, Pacific Ocean","Anemonefish and Hard Corals
",,20260222 110703,44,Raja Ampat,18:40:07:11,18:40:21:21,0,345,346,16,Progressive,Auto,Tue Aug 18 19:40:49 2026,Gamma 2.4,V-RAPTOR 8K VV,VRPB1006456,A,MQ,32,180,1600,9100,V-RAPTOR VV,"1.5.4, 36176123",Canon,110,24,430,1.78,FALSE,FALSE,Commercial,Underwater
A044_D032_0222PG_001.R3D,/Volumes/RAJA_AMPAT_FEB_2026_3A/RAJA_AMPAT_RED_RAPTOR_LV_22-02-202614_1/A044_0222HA.RDM/A044_D032_0222PG_S000.RDC,00:00:09:12,23.976,0,7680 x 4320,r3d,Premium,4,"Clownfish, Amphiprion ocellaris, swim around an anemone surrounded by Acropora plate coral and branching coral, Raja Ampat, South West Papua, Indonesia, Pacific Ocean",Clownfish and Hard Corals,,20260222 110703,44,Raja Ampat,18:40:21:20,18:40:31:08,0,227,228,16,Progressive,Auto,Tue Aug 18 19:46:19 2026,Gamma 2.4,V-RAPTOR 8K VV,VRPB1006456,A,MQ,32,180,1600,9100,V-RAPTOR VV,"1.5.4, 36176123",Canon,110,24,430,1.78,FALSE,FALSE,Commercial,Underwater
A044_D033_0222CZ_001.R3D,/Volumes/RAJA_AMPAT_FEB_2026_3A/RAJA_AMPAT_RED_RAPTOR_LV_22-02-202614_1/A044_0222HA.RDM/A044_D033_0222CZ.RDC,00:01:05:19,23.976,0,7680 x 4320,r3d,Premium,4,"Pushing forward over an extensive bed of staghorn coral, Porites sp., with blue-green chromis, Chromis viridis, schooling above, Raja Ampat, South West Papua, Indonesia, Pacific Ocean",Healthy Staghorn Coral,,20260222 110745,44,Raja Ampat,18:41:55:16,18:43:01:11,0,1578,1579,16,Progressive,Auto,Tue Aug 18 19:40:58 2026,Gamma 2.4,V-RAPTOR 8K VV,VRPB1006456,A,MQ,32,180,1600,9100,V-RAPTOR VV,"1.5.4, 36176123",Canon,110,24,440,1.78,FALSE,FALSE,Commercial,Underwater
A044_D033_0222CZ_001.R3D,/Volumes/RAJA_AMPAT_FEB_2026_3A/RAJA_AMPAT_RED_RAPTOR_LV_22-02-202614_1/A044_0222HA.RDM/A044_D033_0222CZ_S000.RDC,00:00:17:23,23.976,0,7680 x 4320,r3d,Premium,4,"Pushing forward over a healthy hard coral garden featuring mainly staghorn corals, Porites sp., Raja Ampat, South West Papua, Indonesia, Pacific Ocean",Healthy Staghorn Coral,,20260222 110745,44,Raja Ampat,18:40:47:18,18:41:05:17,0,430,431,16,Progressive,Auto,Tue Aug 18 19:41:36 2026,Gamma 2.4,V-RAPTOR 8K VV,VRPB1006456,A,MQ,32,180,1600,9100,V-RAPTOR VV,"1.5.4, 36176123",Canon,110,24,430,1.78,FALSE,FALSE,Commercial,Underwater
A044_D034_02224S_001.R3D,/Volumes/RAJA_AMPAT_FEB_2026_3A/RAJA_AMPAT_RED_RAPTOR_LV_22-02-202614_1/A044_0222HA.RDM/A044_D034_02224S.RDC,00:00:44:12,23.976,0,7680 x 4320,r3d,Premium,5,"Pushing forward over an extensive bed of staghorn coral, Porites sp., with clouds of blue-green chromis, Chromis viridis, swimming above, Raja Ampat, South West Papua, Indonesia, Pacific Ocean",Staghorn Hard Corals and Chromis,,20260222 111006,44,Raja Ampat,18:43:12:22,18:43:57:10,0,1067,1068,16,Progressive,Auto,Tue Aug 18 19:42:01 2026,Gamma 2.4,V-RAPTOR 8K VV,VRPB1006456,A,MQ,32,180,1600,9100,V-RAPTOR VV,"1.5.4, 36176123",Canon,110,24,440,1.78,FALSE,FALSE,Commercial,Underwater
A044_D034_02224S_001.R3D,/Volumes/RAJA_AMPAT_FEB_2026_3A/RAJA_AMPAT_RED_RAPTOR_LV_22-02-202614_1/A044_0222HA.RDM/A044_D034_02224S_S000.RDC,00:00:30:23,23.976,0,7680 x 4320,r3d,Premium,4,"Healthy hard coral reef and a variety of tropical fish such as chromis and and anthias, Raja Ampat, South West Papua, Indonesia, Pacific Ocean",Healthy Hard Coral Garden,,20260222 111006,44,Raja Ampat,18:44:57:02,18:45:28:01,0,742,743,16,Progressive,Auto,Tue Aug 18 19:46:42 2026,Gamma 2.4,V-RAPTOR 8K VV,VRPB1006456,A,MQ,32,180,1600,9100,V-RAPTOR VV,"1.5.4, 36176123",Canon,110,24,440,1.78,FALSE,FALSE,Commercial,Underwater
A044_D035_02228H_001.R3D,/Volumes/RAJA_AMPAT_FEB_2026_3A/RAJA_AMPAT_RED_RAPTOR_LV_22-02-202614_1/A044_0222HA.RDM/A044_D035_02228H.RDC,00:00:24:12,23.976,0,7680 x 4320,r3d,Premium,4,"A variety of branching and plate corals, Porites sp., and soft corals, Sinularia sp., along with blue-green chromis, Chromis viridis, and other small fish in the water column, Raja Ampat, South West Papua, Indonesia, Pacific Ocean",Small Tropical Fish and Healthy Coral Garden,,20260222 111244,44,Raja Ampat,18:45:48:14,18:46:13:02,0,587,588,16,Progressive,Auto,Tue Aug 18 19:42:42 2026,Gamma 2.4,V-RAPTOR 8K VV,VRPB1006456,A,MQ,32,180,1600,9100,V-RAPTOR VV,"1.5.4, 36176123",Canon,110,24,450,1.78,FALSE,FALSE,Commercial,Underwater
A044_D035_02228H_001.R3D,/Volumes/RAJA_AMPAT_FEB_2026_3A/RAJA_AMPAT_RED_RAPTOR_LV_22-02-202614_1/A044_0222HA.RDM/A044_D035_02228H_S000.RDC,00:00:12:19,23.976,0,7680 x 4320,r3d,Premium,4,"Coral garden with staghorn corals, Porites sp., Halimeda seagrass and leather corals, Sinularia sp., Raja Ampat, South West Papua, Indonesia, Pacific Ocean",Coral Garden Panoramic ,,20260222 111244,44,Raja Ampat,18:46:30:11,18:46:43:06,0,306,307,16,Progressive,Auto,Tue Aug 18 19:47:14 2026,Gamma 2.4,V-RAPTOR 8K VV,VRPB1006456,A,MQ,32,180,1600,9100,V-RAPTOR VV,"1.5.4, 36176123",Canon,110,24,450,1.78,FALSE,FALSE,Commercial,Underwater
A044_D037_0222QW_001.R3D,/Volumes/RAJA_AMPAT_FEB_2026_3A/RAJA_AMPAT_RED_RAPTOR_LV_22-02-202614_1/A044_0222HA.RDM/A044_D037_0222QW.RDC,00:00:08:01,23.976,0,7680 x 4320,r3d,Standard,3,"A school of two spot snapper, Lutjanus biguttatus, schooling above a field of healthy staghorn coral, Porites sp., Raja Ampat, South West Papua, Indonesia, Pacific Ocean",,Two Spot Snappers and Staghorn Coral,20260222 111423,44,Raja Ampat,18:47:27:11,18:47:35:12,0,192,193,16,Progressive,Auto,Tue Aug 18 19:42:52 2026,Gamma 2.4,V-RAPTOR 8K VV,VRPB1006456,A,MQ,32,180,1600,9100,V-RAPTOR VV,"1.5.4, 36176123",Canon,110,70,530,1.78,FALSE,FALSE,Commercial,Underwater
A044_D038_0222KV_001.R3D,/Volumes/RAJA_AMPAT_FEB_2026_3A/RAJA_AMPAT_RED_RAPTOR_LV_22-02-202614_1/A044_0222HA.RDM/A044_D038_0222KV.RDC,00:00:06:17,23.976,0,7680 x 4320,r3d,Standard,3,"Panning over an extensive bed of staghorn coral, Porites sp., with clouds of blue-green chromis, Chromis viridis, swimming above, Raja Ampat, South West Papua, Indonesia, Pacific Ocean",Panning Over Staghorn Corals and Tropical Fish,,20260222 111446,44,Raja Ampat,18:48:50:21,18:48:57:14,0,160,161,16,Progressive,Auto,Tue Aug 18 19:42:59 2026,Gamma 2.4,V-RAPTOR 8K VV,VRPB1006456,A,MQ,32,180,1600,9100,V-RAPTOR VV,"1.5.4, 36176123",Canon,110,70,490,1.78,FALSE,FALSE,Commercial,Underwater
A044_D038_0222KV_001.R3D,/Volumes/RAJA_AMPAT_FEB_2026_3A/RAJA_AMPAT_RED_RAPTOR_LV_22-02-202614_1/A044_0222HA.RDM/A044_D038_0222KV_S000.RDC,00:00:13:01,23.976,0,7680 x 4320,r3d,Premium,4,"Blue-green chromis, Chromis viridis, swimming and schooling above a healthy cabbage coral reef, Turbinaria sp,, Raja Ampat, South West Papua, Indonesia, Pacific Ocean",Blue Green Chromis and Staghorn Coral,,20260222 111446,44,Raja Ampat,18:49:00:11,18:49:13:12,0,312,313,16,Progressive,Auto,Tue Aug 18 19:47:29 2026,Gamma 2.4,V-RAPTOR 8K VV,VRPB1006456,A,MQ,32,180,1600,9100,V-RAPTOR VV,"1.5.4, 36176123",Canon,110,70,490,1.78,FALSE,FALSE,Commercial,Underwater
A044_D039_022290_001.R3D,/Volumes/RAJA_AMPAT_FEB_2026_3A/RAJA_AMPAT_RED_RAPTOR_LV_22-02-202614_1/A044_0222HA.RDM/A044_D039_022290.RDC,00:00:23:18,23.976,0,7680 x 4320,r3d,Premium,4,"A school of two spot snapper, Lutjanus biguttatus, and clouds of blue-green chromis, Chromis viridis, schooling above a field of healthy staghorn coral, Porites sp., Raja Ampat, South West Papua, Indonesia, Pacific Ocean",Chromis and Two Spot Snappers on Coral Garden,,20260222 111603,44,Raja Ampat,18:49:08:11,18:49:32:05,0,569,570,16,Progressive,Auto,Tue Aug 18 19:43:24 2026,Gamma 2.4,V-RAPTOR 8K VV,VRPB1006456,A,MQ,32,180,1600,9100,V-RAPTOR VV,"1.5.4, 36176123",Canon,110,70,490,1.78,FALSE,FALSE,Commercial,Underwater
A044_D040_0222WL_001.R3D,/Volumes/RAJA_AMPAT_FEB_2026_3A/RAJA_AMPAT_RED_RAPTOR_LV_22-02-202614_1/A044_0222HA.RDM/A044_D040_0222WL.RDC,00:00:11:14,23.976,0,7680 x 4320,r3d,Premium,4,"Anthias and chromis swimming over healthy branching coral, Raja Ampat, South West Papua, Indonesia, Pacific Ocean",Tropical Fish Swimming Over Coral Garden,,20260222 111647,44,Raja Ampat,18:50:34:20,18:50:46:10,0,277,278,16,Progressive,Auto,Tue Aug 18 19:43:47 2026,Gamma 2.4,V-RAPTOR 8K VV,VRPB1006456,A,MQ,32,180,1600,9100,V-RAPTOR VV,"1.5.4, 36176123",Canon,80,70,470,1.78,FALSE,FALSE,Commercial,Underwater
A044_D046_0222Y1_001.R3D,/Volumes/RAJA_AMPAT_FEB_2026_3A/RAJA_AMPAT_RED_RAPTOR_LV_22-02-202614_1/A044_0222HA.RDM/A044_D046_0222Y1.RDC,00:00:07:08,23.976,0,7680 x 4320,r3d,Premium,4,"Colourful gorgonian seafan and schooling fish under a classic overhang in Raja Ampat, South West Papua, Indonesia, Pacific Ocean",Gorgonian Seafan Under Outcrop,,20260222 112326,44,Raja Ampat,18:58:46:08,18:58:53:16,0,175,176,16,Progressive,Auto,Tue Aug 18 19:44:19 2026,Gamma 2.4,V-RAPTOR 8K VV,VRPB1006456,A,MQ,32,180,1600,9100,V-RAPTOR VV,"1.5.4, 36176123",Canon,130,24,620,1.78,FALSE,FALSE,Commercial,Underwater