File Name,Clip Directory,Duration TC,Shot Frame Rate,Audio Channels,Resolution,Video Codec,Rating,Description,Comments/Title,Date Recorded,Reel Number,Location,Start TC,End TC,Start Frame,End Frame,Frames,Bit Depth,Field Dominance,Data Level,Date Modified,Input Gamma,Camera Type,Camera Serial #,Camera ID,Camera Format,Camera FPS,Shutter Angle,ISO,White Point (Kelvin),Sensor,Camera Firmware,Lens Type,Camera Aperture,Focal Point (mm),Distance,Aspect Ratio Notes,H-Flip,V-Flip,License,Category,Pricing Tier
A056_D003_0304EP_001.R3D,/Volumes/RAJA_AMPAT_FEB_2026_3A/RAJA_AMPAT_RED_RAPTOR_LV_30_04-03-202628/A056_03041G.RDM/A056_D003_0304EP.RDC,00:00:15:10,23.976,0,7680 x 4320,r3d,4,"Shallow coral reef with a variety of small reef fish and three giant sweetlips, Plectorhinchus albovittatus,  in the background, Dampier Strait, Raja Ampat, South West Papua, Indonesia, Pacific Ocean","Shallow Coral Reef and Schooling Fish
",20260304 105914,56,"Raja Ampat, Indonesia
",18:18:41:19,18:18:57:05,0,369,370,16,Progressive,Auto,Wed Aug 19 10:58:47 2026,Gamma 2.4,V-RAPTOR 8K VV,VRPB1006456,A,MQ,32,172.791,1000,9000,V-RAPTOR VV,"1.5.4, 36176123",Canon,100,35,500,1.78,FALSE,FALSE,Commercial,Underwater,Premium
A056_D004_0304DU_001.R3D,/Volumes/RAJA_AMPAT_FEB_2026_3A/RAJA_AMPAT_RED_RAPTOR_LV_30_04-03-202628/A056_03041G.RDM/A056_D004_0304DU.RDC,00:00:15:06,23.976,0,7680 x 4320,r3d,4,"Shallow coral reef with a variety of small reef fish and four iant sweetlips, Plectorhinchus albovittatus,  in the background, Dampier Strait, Raja Ampat, South West Papua, Indonesia, Pacific Oceang",Four Giant Sweetlips Hovering Over Coral Head,20260304 110025,56,"Raja Ampat, Indonesia
",18:19:14:09,18:19:29:15,0,365,366,16,Progressive,Auto,Wed Aug 19 10:58:55 2026,Gamma 2.4,V-RAPTOR 8K VV,VRPB1006456,A,MQ,32,172.791,1000,9000,V-RAPTOR VV,"1.5.4, 36176123",Canon,100,35,500,1.78,FALSE,FALSE,Commercial,Underwater,Premium
A056_D005_0304EK_001.R3D,/Volumes/RAJA_AMPAT_FEB_2026_3A/RAJA_AMPAT_RED_RAPTOR_LV_30_04-03-202628/A056_03041G.RDM/A056_D005_0304EK.RDC,00:00:49:16,23.976,0,7680 x 4320,r3d,4,"Giant sweetlips, Plectorhinchus albovittatus,  crowding arounda coral head that is home to a large swarm of silvery baitfish and other small tropical fish, Dampier Strait, Raja Ampat, South West Papua, Indonesia, Pacific Ocean
",Giant Sweetlips and Coral Head,20260304 110054,56,"Raja Ampat, Indonesia",18:20:04:12,18:20:54:04,0,1191,1192,16,Progressive,Auto,Wed Aug 19 10:59:03 2026,Gamma 2.4,V-RAPTOR 8K VV,VRPB1006456,A,MQ,32,180,1000,9000,V-RAPTOR VV,"1.5.4, 36176123",Canon,100,35,500,1.78,FALSE,FALSE,Commercial,Underwater,Premium
A056_D006_0304BK_001.R3D,/Volumes/RAJA_AMPAT_FEB_2026_3A/RAJA_AMPAT_RED_RAPTOR_LV_30_04-03-202628/A056_03041G.RDM/A056_D006_0304BK.RDC,00:00:22:10,23.976,0,7680 x 4320,r3d,4,"Thousands of bait fish schooling around a large coral head with a giant sweetlips, Plectorhinchus albovittatus and a  diagonal-banded sweetlips, Plectorhinchus lineatus, hovering in the background, Dampier Strait, Raja Ampat, South West Papua, Indonesia, Pacific Ocean
","Baitfish and Coral Head
",20260304 110212,56,"Raja Ampat, Indonesia",18:20:58:10,18:21:20:20,0,537,538,16,Progressive,Auto,Wed Aug 19 10:59:29 2026,Gamma 2.4,V-RAPTOR 8K VV,VRPB1006456,A,MQ,32,180,1000,9000,V-RAPTOR VV,"1.5.4, 36176123",Canon,100,35,500,1.78,FALSE,FALSE,Commercial,Underwater,Premium
A056_D006_0304BK_001.R3D,/Volumes/RAJA_AMPAT_FEB_2026_3A/RAJA_AMPAT_RED_RAPTOR_LV_30_04-03-202628/A056_03041G.RDM/A056_D006_0304BK_S000.RDC,00:00:29:21,23.976,0,7680 x 4320,r3d,4,"Thousands of small blue bait fish schooling around a large coral head with a giant sweetlips, Plectorhinchus albovittatus and a  diagonal-banded sweetlips, Plectorhinchus lineatus, hovering in the background, Dampier Strait, Raja Ampat, South West Papua, Indonesia, Pacific Ocean
",Baitfish and Sweetlips,20260304 110212,56,"Raja Ampat, Indonesia",18:21:43:19,18:22:13:16,0,716,717,16,Progressive,Auto,Wed Aug 19 11:09:40 2026,Gamma 2.4,V-RAPTOR 8K VV,VRPB1006456,A,MQ,32,180,1000,9000,V-RAPTOR VV,"1.5.4, 36176123",Canon,100,35,500,1.78,FALSE,FALSE,Commercial,Underwater,Premium
A056_D007_0304P6_001.R3D,/Volumes/RAJA_AMPAT_FEB_2026_3A/RAJA_AMPAT_RED_RAPTOR_LV_30_04-03-202628/A056_03041G.RDM/A056_D007_0304P6.RDC,00:00:23:02,23.976,0,7680 x 4320,r3d,4,"Panning around thousands of bait fish in front of a large coral head with a giant sweetlips, Plectorhinchus albovittatus and a  diagonal-banded sweetlips, Plectorhinchus lineatus, hovering in the background, Dampier Strait, Raja Ampat, South West Papua, Indonesia, Pacific Ocean
",Panning Baitfish and Sweetlips,20260304 110332,56,"Raja Ampat, Indonesia",18:22:48:03,18:23:11:05,0,553,554,16,Progressive,Auto,Wed Aug 19 10:59:40 2026,Gamma 2.4,V-RAPTOR 8K VV,VRPB1006456,A,MQ,32,180,1000,9000,V-RAPTOR VV,"1.5.4, 36176123",Canon,100,24,480,1.78,FALSE,FALSE,Commercial,Underwater,Premium
A056_D007_0304P6_001.R3D,/Volumes/RAJA_AMPAT_FEB_2026_3A/RAJA_AMPAT_RED_RAPTOR_LV_30_04-03-202628/A056_03041G.RDM/A056_D007_0304P6_S000.RDC,00:00:11:21,23.976,0,7680 x 4320,r3d,4,"Tight school of bait fish schooling around a large coral head with a giant sweetlips, Plectorhinchus albovittatus and a  diagonal-banded sweetlips, Plectorhinchus lineatus, hovering in the background, Dampier Strait, Raja Ampat, South West Papua, Indonesia, Pacific Ocean
",Schooling Baitfish and Sweetlips,20260304 110332,56,"Raja Ampat, Indonesia",18:23:34:10,18:23:46:07,0,284,285,16,Progressive,Auto,Wed Aug 19 10:59:50 2026,Gamma 2.4,V-RAPTOR 8K VV,VRPB1006456,A,MQ,32,180,1000,9000,V-RAPTOR VV,"1.5.4, 36176123",Canon,100,24,480,1.78,FALSE,FALSE,Commercial,Underwater,Premium
A056_D008_03042U_001.R3D,/Volumes/RAJA_AMPAT_FEB_2026_3A/RAJA_AMPAT_RED_RAPTOR_LV_30_04-03-202628/A056_03041G.RDM/A056_D008_03042U.RDC,00:00:16:21,23.976,0,7680 x 4320,r3d,4,"Two giant sweetlips, Plectorhinchus albovittatus and a  diagonal-banded sweetlips, Plectorhinchus lineatus, hovering in the background,  and a  diagonal-banded sweetlips, Plectorhinchus lineatus, hovering in the background, Dampier Strait, Raja Ampat, South West Papua, Indonesia, Pacific Ocean
",Two Giant Sweetlips,20260304 110509,56,"Raja Ampat, Indonesia",18:23:54:22,18:24:11:19,0,404,405,16,Progressive,Auto,Wed Aug 19 10:59:59 2026,Gamma 2.4,V-RAPTOR 8K VV,VRPB1006456,A,MQ,32,180,1000,9000,V-RAPTOR VV,"1.5.4, 36176123",Canon,100,35,500,1.78,FALSE,FALSE,Commercial,Underwater,Premium
A056_D008_03042U_001.R3D,/Volumes/RAJA_AMPAT_FEB_2026_3A/RAJA_AMPAT_RED_RAPTOR_LV_30_04-03-202628/A056_03041G.RDM/A056_D008_03042U_S000.RDC,00:00:19:18,23.976,0,7680 x 4320,r3d,4,"Reveal of three giant sweetlips, Plectorhinchus albovittatus, behind a large coral head covered in bait fish, Dampier Strait, Raja Ampat, South West Papua, Indonesia, Pacific Ocean
",Reveal of Giant Sweetlips,20260304 110509,56,"Raja Ampat, Indonesia",18:26:24:22,18:26:44:16,0,473,474,16,Progressive,Auto,Wed Aug 19 11:00:07 2026,Gamma 2.4,V-RAPTOR 8K VV,VRPB1006456,A,MQ,32,180,1000,9000,V-RAPTOR VV,"1.5.4, 36176123",Canon,100,35,500,1.78,FALSE,FALSE,Commercial,Underwater,Premium
A056_D010_0304K0_001.R3D,/Volumes/RAJA_AMPAT_FEB_2026_3A/RAJA_AMPAT_RED_RAPTOR_LV_30_04-03-202628/A056_03041G.RDM/A056_D010_0304K0.RDC,00:00:25:10,23.976,0,7680 x 4320,r3d,4,"Fusiliers and damsel fish school above branching coral, Porites sp., Dampier Strait, Raja Ampat, South West Papua, Indonesia, Pacific Ocean
",Schooling Fish and Branching Coral,20260304 111048,56,"Raja Ampat, Indonesia",18:29:47:00,18:30:12:10,0,609,610,16,Progressive,Auto,Wed Aug 19 11:00:17 2026,Gamma 2.4,V-RAPTOR 8K VV,VRPB1006456,A,MQ,32,180,1000,9000,V-RAPTOR VV,"1.5.4, 36176123",Canon,100,20,480,1.78,FALSE,FALSE,Commercial,Underwater,Premium
A056_D011_0304G4_001.R3D,/Volumes/RAJA_AMPAT_FEB_2026_3A/RAJA_AMPAT_RED_RAPTOR_LV_30_04-03-202628/A056_03041G.RDM/A056_D011_0304G4.RDC,00:00:19:22,23.976,0,7680 x 4320,r3d,4,"Moving forward over branching coral, Porites sp., and damsel fish swimming above it, 
Dampier Strait, Raja Ampat, South West Papua, Indonesia, Pacific Ocean
",Branching Coral and Damselfish,20260304 111146,56,"Raja Ampat, Indonesia",18:30:31:04,18:30:51:02,0,477,478,16,Progressive,Auto,Wed Aug 19 11:00:30 2026,Gamma 2.4,V-RAPTOR 8K VV,VRPB1006456,A,MQ,32,180,1000,9000,V-RAPTOR VV,"1.5.4, 36176123",Canon,100,20,480,1.78,FALSE,FALSE,Commercial,Underwater,Premium
A056_D013_0304UP_001.R3D,/Volumes/RAJA_AMPAT_FEB_2026_3A/RAJA_AMPAT_RED_RAPTOR_LV_30_04-03-202628/A056_03041G.RDM/A056_D013_0304UP.RDC,00:00:18:11,23.976,0,7680 x 4320,r3d,4,"Pushing forward over soft corals with damsel fish hovering above, Dampier Strait, Raja Ampat, South West Papua, Indonesia, Pacific Ocean
",Soft Corals and Damselfish,20260304 111651,56,"Raja Ampat, Indonesia",18:36:01:19,18:36:20:06,0,442,443,16,Progressive,Auto,Wed Aug 19 11:00:41 2026,Gamma 2.4,V-RAPTOR 8K VV,VRPB1006456,A,MQ,32,180,1000,9000,V-RAPTOR VV,"1.5.4, 36176123",Canon,100,20,480,1.78,FALSE,FALSE,Commercial,Underwater,Premium
A056_D015_0304NB_001.R3D,/Volumes/RAJA_AMPAT_FEB_2026_3A/RAJA_AMPAT_RED_RAPTOR_LV_30_04-03-202628/A056_03041G.RDM/A056_D015_0304NB.RDC,00:00:23:11,23.976,0,7680 x 4320,r3d,4,"Large coral head obscured by thousands of silver and gold coloured bait fish, Dampier Strait, Raja Ampat, South West Papua, Indonesia, Pacific Ocean
",Silver and Gold Bait Fish,20260304 111817,56,"Raja Ampat, Indonesia",18:36:56:23,18:37:20:10,0,562,563,16,Progressive,Auto,Wed Aug 19 11:00:50 2026,Gamma 2.4,V-RAPTOR 8K VV,VRPB1006456,A,MQ,32,180,1000,9000,V-RAPTOR VV,"1.5.4, 36176123",Canon,100,20,480,1.78,FALSE,FALSE,Commercial,Underwater,Premium
A056_D015_0304NB_001.R3D,/Volumes/RAJA_AMPAT_FEB_2026_3A/RAJA_AMPAT_RED_RAPTOR_LV_30_04-03-202628/A056_03041G.RDM/A056_D015_0304NB_S000.RDC,00:00:21:11,23.976,0,7680 x 4320,r3d,4,"Gold bait fish schooling under a large coral head, Dampier Strait, Raja Ampat, South West Papua, Indonesia, Pacific Ocean
",Large School of Baitfish Under a Coral head,20260304 111817,56,"Raja Ampat, Indonesia",18:37:53:20,18:38:15:07,0,514,515,16,Progressive,Auto,Wed Aug 19 11:01:03 2026,Gamma 2.4,V-RAPTOR 8K VV,VRPB1006456,A,MQ,32,180,1000,9000,V-RAPTOR VV,"1.5.4, 36176123",Canon,100,20,480,1.78,FALSE,FALSE,Commercial,Underwater,Premium
A056_D021_0304BI_001.R3D,/Volumes/RAJA_AMPAT_FEB_2026_3A/RAJA_AMPAT_RED_RAPTOR_LV_30_04-03-202628/A056_03041G.RDM/A056_D021_0304BI.RDC,00:00:18:11,23.976,0,7680 x 4320,r3d,4,"Panning over a healthy reef of cabbage coral, Sinularia sp., and a variety of damselfish, Dampier Strait, Raja Ampat, South West Papua, Indonesia, Pacific Ocean
",Cabbage Coral and Damsel Fish,20260304 113506,56,"Raja Ampat, Indonesia",18:53:50:17,18:54:09:04,0,442,443,16,Progressive,Auto,Wed Aug 19 11:01:47 2026,Gamma 2.4,V-RAPTOR 8K VV,VRPB1006456,A,MQ,32,180,1000,9000,V-RAPTOR VV,"1.5.4, 36176123",Canon,80,16,430,1.78,FALSE,FALSE,Commercial,Underwater,Premium
A056_D022_0304K3_001.R3D,/Volumes/RAJA_AMPAT_FEB_2026_3A/RAJA_AMPAT_RED_RAPTOR_LV_30_04-03-202628/A056_03041G.RDM/A056_D022_0304K3.RDC,00:00:19:19,23.976,0,7680 x 4320,r3d,4,"Moving forward over healthy branching corals, Porites sp., and chromis, Dampier Strait, Raja Ampat, South West Papua, Indonesia, Pacific Ocean
",Staghorn Corals and Chromis,20260304 113723,56,"Raja Ampat, Indonesia",18:55:58:23,18:56:18:18,0,474,475,16,Progressive,Auto,Wed Aug 19 11:02:12 2026,Gamma 2.4,V-RAPTOR 8K VV,VRPB1006456,A,MQ,32,180,1000,9000,V-RAPTOR VV,"1.5.4, 36176123",Canon,80,24,440,1.78,FALSE,FALSE,Commercial,Underwater,Premium
A056_D024_0304DP_001.R3D,/Volumes/RAJA_AMPAT_FEB_2026_3A/RAJA_AMPAT_RED_RAPTOR_LV_30_04-03-202628/A056_03041G.RDM/A056_D024_0304DP.RDC,00:00:31:07,23.976,0,7680 x 4320,r3d,4,"A variety of chromis and damsel fish swimming above a healthy patch of cabbage coral, Sinularia sp., Dampier Strait, Raja Ampat, South West Papua, Indonesia, Pacific Ocean
",Healthy Cabbage Coral and Resident Schools of Fish,20260304 114220,56,"Raja Ampat, Indonesia",19:00:55:12,19:01:26:19,0,750,751,16,Progressive,Auto,Wed Aug 19 11:02:25 2026,Gamma 2.4,V-RAPTOR 8K VV,VRPB1006456,A,MQ,32,180,1000,9000,V-RAPTOR VV,"1.5.4, 36176123",Canon,90,24,440,1.78,FALSE,FALSE,Commercial,Underwater,Premium
A056_D026_0304OA_001.R3D,/Volumes/RAJA_AMPAT_FEB_2026_3A/RAJA_AMPAT_RED_RAPTOR_LV_30_04-03-202628/A056_03041G.RDM/A056_D026_0304OA.RDC,00:00:11:05,23.976,0,7680 x 4320,r3d,4,"A healthy patch of cabbage coral, Sinularia sp., Dampier Strait, Raja Ampat, South West Papua, Indonesia, Pacific Ocean
",Healthy Cabbage Coral,20260304 114324,56,"Raja Ampat, Indonesia",19:02:23:13,19:02:34:18,0,268,269,16,Progressive,Auto,Wed Aug 19 11:03:04 2026,Gamma 2.4,V-RAPTOR 8K VV,VRPB1006456,A,MQ,32,180,1000,9000,V-RAPTOR VV,"1.5.4, 36176123",Canon,90,16,450,1.78,FALSE,FALSE,Commercial,Underwater,Premium
A056_D028_0304WX_001.R3D,/Volumes/RAJA_AMPAT_FEB_2026_3A/RAJA_AMPAT_RED_RAPTOR_LV_30_04-03-202628/A056_03041G.RDM/A056_D028_0304WX.RDC,00:00:32:23,23.976,0,7680 x 4320,r3d,4,"Swarms of chromis and damsel fish swimming above cabbage coral, Sinularia sp., Dampier Strait, Raja Ampat, South West Papua, Indonesia, Pacific Ocean
",Cabbage Coral and Swarms of Damsel Fish,20260304 114512,56,"Raja Ampat, Indonesia",19:04:00:23,19:04:33:22,0,790,791,16,Progressive,Auto,Wed Aug 19 11:03:42 2026,Gamma 2.4,V-RAPTOR 8K VV,VRPB1006456,A,MQ,32,180,1000,9000,V-RAPTOR VV,"1.5.4, 36176123",Canon,90,16,450,1.78,FALSE,FALSE,Commercial,Underwater,Premium
A056_D029_0304YB_001.R3D,/Volumes/RAJA_AMPAT_FEB_2026_3A/RAJA_AMPAT_RED_RAPTOR_LV_30_04-03-202628/A056_03041G.RDM/A056_D029_0304YB.RDC,00:00:39:02,23.976,0,7680 x 4320,r3d,4,"Schools of chromis and damsel fish schooling in the water column above a healthy field of cabbage coral, Sinularia sp., Dampier Strait, Raja Ampat, South West Papua, Indonesia, Pacific Ocean
",Schools of Chromis and Damsel Fish in Water Column,20260304 114627,56,"Raja Ampat, Indonesia",19:05:06:13,19:05:45:15,0,937,938,16,Progressive,Auto,Wed Aug 19 11:04:26 2026,Gamma 2.4,V-RAPTOR 8K VV,VRPB1006456,A,MQ,32,180,1000,9000,V-RAPTOR VV,"1.5.4, 36176123",Canon,90,16,450,1.78,FALSE,FALSE,Commercial,Underwater,Premium
A056_D032_03040X_001.R3D,/Volumes/RAJA_AMPAT_FEB_2026_3A/RAJA_AMPAT_RED_RAPTOR_LV_30_04-03-202628/A056_03041G.RDM/A056_D032_03040X.RDC,00:00:25:12,23.976,0,7680 x 4320,r3d,4,"Moving forward over a healthy cabbage coral garden, Sinularia sp., with a variety of damsel fish and chromis in the water column, Dampier Strait, Raja Ampat, South West Papua, Indonesia, Pacific Ocean
",Forward Movement Over Cabbage Coral,20260304 114924,56,"Raja Ampat, Indonesia",19:09:39:21,19:10:05:09,0,611,612,16,Progressive,Auto,Wed Aug 19 11:05:19 2026,Gamma 2.4,V-RAPTOR 8K VV,VRPB1006456,A,LQ,119.88,180.18,1000,9000,V-RAPTOR VV,"1.5.4, 36176123",Canon,50,23,420,1.78,FALSE,FALSE,Commercial,Underwater,Premium
A056_D034_0304TD_001.R3D,/Volumes/RAJA_AMPAT_FEB_2026_3A/RAJA_AMPAT_RED_RAPTOR_LV_30_04-03-202628/A056_03041G.RDM/A056_D034_0304TD.RDC,00:00:32:15,23.976,0,7680 x 4320,r3d,4,"A field of broken cabbage coral, Sinularia sp., possibly from wave damage, Dampier Strait, Raja Ampat, South West Papua, Indonesia, Pacific Ocean
",A Field of Broken Cabbage Coral,20260304 115043,56,"Raja Ampat, Indonesia",19:09:15:19,19:09:48:10,0,782,783,16,Progressive,Auto,Wed Aug 19 11:05:39 2026,Gamma 2.4,V-RAPTOR 8K VV,VRPB1006456,A,LQ,119.88,180.18,1000,9000,V-RAPTOR VV,"1.5.4, 36176123",Canon,50,23,420,1.78,FALSE,FALSE,Commercial,Underwater,Premium
A056_D036_0304ZD_001.R3D,/Volumes/RAJA_AMPAT_FEB_2026_3A/RAJA_AMPAT_RED_RAPTOR_LV_30_04-03-202628/A056_03041G.RDM/A056_D036_0304ZD.RDC,00:00:14:13,23.976,0,7680 x 4320,r3d,4,"A young hawksbill turtle, Eretmochelys imbricata, foraging for sponge under the corals in Dampier Strait, Raja Ampat, South West Papua, Indonesia, Pacific Ocean
",Hawksbill Turtle Foraging,20260304 115420,56,"Raja Ampat, Indonesia",19:13:11:13,19:13:26:02,0,348,349,16,Progressive,Auto,Wed Aug 19 11:06:05 2026,Gamma 2.4,V-RAPTOR 8K VV,VRPB1006456,A,MQ,32,180,1000,9000,V-RAPTOR VV,"1.5.4, 36176123",Canon,71,32,460,1.78,FALSE,FALSE,Commercial,Underwater,Premium
A056_D037_0304FB_001.R3D,/Volumes/RAJA_AMPAT_FEB_2026_3A/RAJA_AMPAT_RED_RAPTOR_LV_30_04-03-202628/A056_03041G.RDM/A056_D037_0304FB.RDC,00:00:27:02,23.976,0,7680 x 4320,r3d,4,"A hawksbill turtle, Eretmochelys imbricata, digs up coral while looking for food, Dampier Strait, Raja Ampat, South West Papua, Indonesia, Pacific Ocean
",Hawksbill Turtle Eating,20260304 115502,56,"Raja Ampat, Indonesia",19:13:34:16,19:14:01:18,0,649,650,16,Progressive,Auto,Wed Aug 19 11:06:27 2026,Gamma 2.4,V-RAPTOR 8K VV,VRPB1006456,A,MQ,32,180,1000,9000,V-RAPTOR VV,"1.5.4, 36176123",Canon,71,35,410,1.78,FALSE,FALSE,Commercial,Underwater,Premium
A056_D038_0304R2_001.R3D,/Volumes/RAJA_AMPAT_FEB_2026_3A/RAJA_AMPAT_RED_RAPTOR_LV_30_04-03-202628/A056_03041G.RDM/A056_D038_0304R2.RDC,00:00:15:12,23.976,0,7680 x 4320,r3d,4,"Hawksbill turtle, Eretmochelys imbricata, picks through coral looking for food, Dampier Strait, Raja Ampat, South West Papua, Indonesia, Pacific Ocean
",Hawksbill Turtle Foraging in Coral,20260304 115530,56,"Raja Ampat, Indonesia",19:14:14:08,19:14:29:20,0,371,372,16,Progressive,Auto,Wed Aug 19 11:07:02 2026,Gamma 2.4,V-RAPTOR 8K VV,VRPB1006456,A,MQ,32,180,1000,9000,V-RAPTOR VV,"1.5.4, 36176123",Canon,71,35,460,1.78,FALSE,FALSE,Commercial,Underwater,Premium
A056_D039_0304SX_001.R3D,/Volumes/RAJA_AMPAT_FEB_2026_3A/RAJA_AMPAT_RED_RAPTOR_LV_30_04-03-202628/A056_03041G.RDM/A056_D039_0304SX.RDC,00:00:27:12,23.976,0,7680 x 4320,r3d,4,"A hawksbill turtle, Eretmochelys imbricata, picks up bits of coral looking for food, Dampier Strait, Raja Ampat, South West Papua, Indonesia, Pacific Ocean
",Hawksbill Turtle on Coral Reef,20260304 115606,56,"Raja Ampat, Indonesia",19:16:46:09,19:17:13:21,0,659,660,16,Progressive,Auto,Wed Aug 19 11:07:26 2026,Gamma 2.4,V-RAPTOR 8K VV,VRPB1006456,A,MQ,32,180,1000,9000,V-RAPTOR VV,"1.5.4, 36176123",Canon,71,28,420,1.78,FALSE,FALSE,Commercial,Underwater,Premium
A056_D039_0304SX_001.R3D,/Volumes/RAJA_AMPAT_FEB_2026_3A/RAJA_AMPAT_RED_RAPTOR_LV_30_04-03-202628/A056_03041G.RDM/A056_D039_0304SX_S000.RDC,00:00:26:22,23.976,0,7680 x 4320,r3d,4,"A hawksbill turtle, Eretmochelys imbricata, lifts up corals looking for sponge to eat, 
Dampier Strait, Raja Ampat, South West Papua, Indonesia, Pacific Ocean
",Hawksbill Turtle Looking for Food,20260304 115606,56,"Raja Ampat, Indonesia",19:17:20:12,19:17:47:10,0,645,646,16,Progressive,Auto,Wed Aug 19 11:07:57 2026,Gamma 2.4,V-RAPTOR 8K VV,VRPB1006456,A,MQ,32,180,1000,9000,V-RAPTOR VV,"1.5.4, 36176123",Canon,71,35,390,1.78,FALSE,FALSE,Commercial,Underwater,Premium
A056_D039_0304SX_001.R3D,/Volumes/RAJA_AMPAT_FEB_2026_3A/RAJA_AMPAT_RED_RAPTOR_LV_30_04-03-202628/A056_03041G.RDM/A056_D039_0304SX_S001.RDC,00:00:27:08,23.976,0,7680 x 4320,r3d,4,"A hawksbill turtle, Eretmochelys imbricata, eating on the reef, Dampier Strait, Raja Ampat, South West Papua, Indonesia, Pacific Ocean
",Hawksbill Sea Turtle Eating on the REef,20260304 115606,56,"Raja Ampat, Indonesia",19:15:55:02,19:16:22:10,0,655,656,16,Progressive,Auto,Wed Aug 19 11:08:31 2026,Gamma 2.4,V-RAPTOR 8K VV,VRPB1006456,A,MQ,32,180,1000,9000,V-RAPTOR VV,"1.5.4, 36176123",Canon,71,28,420,1.78,FALSE,FALSE,Commercial,Underwater,Premium
A056_D039_0304SX_001.R3D,/Volumes/RAJA_AMPAT_FEB_2026_3A/RAJA_AMPAT_RED_RAPTOR_LV_30_04-03-202628/A056_03041G.RDM/A056_D039_0304SX_S002.RDC,00:00:20:01,23.976,0,7680 x 4320,r3d,4,"Hawksbill turtle, Eretmochelys imbricata, swims off into the water column, Dampier Strait, Raja Ampat, South West Papua, Indonesia, Pacific Ocean
",Hawksbill Turtle Swims into Water Column,20260304 115606,56,"Raja Ampat, Indonesia",19:18:06:16,19:18:26:17,0,480,481,16,Progressive,Auto,Wed Aug 19 11:10:38 2026,Gamma 2.4,V-RAPTOR 8K VV,VRPB1006456,A,MQ,32,180,1000,9000,V-RAPTOR VV,"1.5.4, 36176123",Canon,71,35,390,1.78,FALSE,FALSE,Commercial,Underwater,Premium
A056_D040_0304EP_001.R3D,/Volumes/RAJA_AMPAT_FEB_2026_3A/RAJA_AMPAT_RED_RAPTOR_LV_30_04-03-202628/A056_03041G.RDM/A056_D040_0304EP.RDC,00:00:36:00,23.976,0,7680 x 4320,r3d,4,"Silhouette of a hawksbill turtle, Eretmochelys imbricata, at the surface and then diving toward the reef, Dampier Strait, Raja Ampat, South West Papua, Indonesia, Pacific Ocean
","Hawksbill Turtle Silhouette at the Surface and Diving Down
",20260304 115900,56,"Raja Ampat, Indonesia",19:18:14:13,19:18:50:13,0,863,864,16,Progressive,Auto,Wed Aug 19 11:09:02 2026,Gamma 2.4,V-RAPTOR 8K VV,VRPB1006456,A,MQ,32,180,1000,9000,V-RAPTOR VV,"1.5.4, 36176123",Canon,130,35,460,1.78,FALSE,FALSE,Commercial,Underwater,Premium